Task Name,Description,Assignee,Priority,Status,Start Date,Due Date,Tags,Task Type,Time Estimate,Parent Task
Establish Private Team Chat,Create private chat with Micah Rodrigo Nick and Landon for governance coordination. Immediate coordination need,Landon,High,To Do,2025-08-10,2025-08-12,Communication,Task,2 hr,ğŸ“š Governance & Training Program
RBAC Library Security Assessment,Complete security audit of current RBAC library and document bypass vulnerability. Critical security issue identified,Nick Canino,Critical,To Do,2025-08-09,2025-08-13,Security,Task,4 hr,ğŸ” Security Framework Overhaul
RBAC Library Replacement,Replace vulnerable RBAC library with secure authentication implementation. Fix critical bypass vulnerability. Depends on: RBAC Library Security Assessment,Development Team,Critical,To Do,2025-08-17,2025-08-20,Security,Task,24 hr,ğŸ” Security Framework Overhaul
Multi-IDP Integration Design,Design authentication system supporting Microsoft Google Okta and Auth0. Replace custom authentication. Depends on: RBAC Library Security Assessment,Nick Canino,High,To Do,2025-08-21,2025-08-22,Security,Task,12 hr,ğŸ” Security Framework Overhaul
Microsoft Azure AD Integration,Implement Microsoft Azure AD/Entra ID authentication. Primary IDP support. Depends on: Multi-IDP Integration Design,Development Team,High,To Do,2025-09-03,2025-09-05,Security,Task,16 hr,ğŸ” Security Framework Overhaul
Google Workspace Integration,Implement Google Workspace authentication. Secondary IDP support,Development Team,Medium,To Do,2025-09-13,2025-09-15,Security,Microsoft Azure AD Integration,12h,ğŸ” Security Framework Overhaul
Okta Integration,Implement Okta enterprise authentication. Enterprise IDP support,Development Team,Medium,To Do,2025-09-24,2025-09-25,Security,Google Workspace Integration,12h,ğŸ” Security Framework Overhaul
Auth0 Abstraction Layer,Implement Auth0 as abstraction layer for multiple IDPs. IDP management simplification,Development Team,Low,To Do,2025-10-02,2025-10-05,Security,Okta Integration,20h,ğŸ” Security Framework Overhaul
Penetration Testing - Constituent Manager,Security testing for Maryland State constituent portal module. Client delivery deadline August 15,Nick Canino,Critical,To Do,2025-08-08,2025-08-14,Security,,6h,ğŸš€ Client Module Deliveries
Penetration Testing - Legal Assist,Security testing for Maryland State legal assistance module. Client delivery deadline August 25,Nick Canino,Critical,To Do,2025-08-18,2025-08-24,Security,,6h,ğŸš€ Client Module Deliveries
Penetration Testing - AI EMS,Security testing for Howard County EMS module. Client delivery deadline September 1,Nick Canino,High,To Do,2025-08-24,2025-08-30,Security,,6h,ğŸš€ Client Module Deliveries
Penetration Testing - EDS Module,Security testing for DDOT EDS module. Client delivery deadline September 1,Nick Canino,High,To Do,2025-08-24,2025-08-30,Security,,6h,ğŸš€ Client Module Deliveries
Penetration Testing - AI ASL,Security testing for Howard County ASL module. Client delivery deadline September 15,Nick Canino,High,To Do,2025-09-08,2025-09-14,Security,,6h,ğŸš€ Client Module Deliveries
Document Current Architecture,Create comprehensive documentation of existing microservices architecture. Foundation for all architectural decisions,Rodrigo Werlang,High,To Do,2025-08-07,2025-08-15,Architecture,,8h,ğŸ—ï¸ Architecture Standardization
Database Consolidation Plan,Create plan to consolidate from SQL/Cosmos/MongoDB to standardized stack. Cost and maintenance optimization,Rodrigo Werlang,Medium,To Do,2025-08-19,2025-08-25,Architecture,Document Current Architecture,6h,ğŸ—ï¸ Architecture Standardization
Python Backend Standardization,Enforce Python-only backend development standard across teams. Technology stack consolidation,Rodrigo Werlang,Medium,To Do,2025-08-16,2025-08-20,Architecture,,4h,ğŸ—ï¸ Architecture Standardization
C4 Architecture Documentation,Implement C4 model for architecture documentation across all modules. Standardized architecture documentation,Rodrigo Werlang,Medium,To Do,2025-08-26,2025-09-15,Architecture,Document Current Architecture,20h,ğŸ—ï¸ Architecture Standardization
Kubernetes Deployment Standardization,Standardize K8s deployment configurations across all services. Cloud-agnostic deployment strategy,Rodrigo Werlang,Medium,To Do,2025-09-14,2025-09-30,Architecture,Database Consolidation Plan,16h,ğŸ—ï¸ Architecture Standardization
Database Migration Execution,Execute database consolidation migration. Technology stack simplification,Development Team,High,To Do,2025-09-20,2025-10-01,Architecture,Database Consolidation Plan,32h,ğŸ—ï¸ Architecture Standardization
License Management System Design,Design API-based system for customer license control and usage limits. Required for client scaling and billing,Rodrigo Werlang,High,To Do,2025-08-12,2025-08-22,Compliance,,10h,ğŸ“‹ License & Compliance Management
License API Development,Develop API endpoints for license management and control. Customer billing integration,Development Team,High,To Do,2025-08-22,2025-09-01,Compliance,License Management System Design,16h,ğŸ“‹ License & Compliance Management
Usage Monitoring Implementation,Implement usage tracking for license limit enforcement. Billing and compliance tracking,Development Team,Medium,To Do,2025-08-29,2025-09-10,Compliance,License API Development,12h,ğŸ“‹ License & Compliance Management
CISO Assistant Deployment,Deploy and configure CISO Assistant for GRC management. Open source GRC tool implementation,Nick Canino,Medium,To Do,2025-08-22,2025-08-30,Compliance,,8h,ğŸ“‹ License & Compliance Management
Vulnerability Remediation Policy,Create formal policy and procedures for vulnerability management. Required for enterprise clients,Nick Canino,Medium,To Do,2025-08-31,2025-09-05,Compliance,,4h,ğŸ“‹ License & Compliance Management
Compliance Documentation Package,Create comprehensive compliance documentation for enterprise clients. Enterprise sales enablement,Nick Canino,High,To Do,2025-09-25,2025-10-15,Compliance,Vulnerability Remediation Policy,20h,ğŸ“‹ License & Compliance Management
Security Development Lifecycle Adoption,Implement Microsoft SDLC practices adapted for ABS development process. Foundation for secure development,Nick Canino,High,To Do,2025-08-16,2025-09-01,Process,,16h,ğŸ”„ Development Process Enhancement
Automated Testing Framework,Implement comprehensive automated testing across all modules. Quality assurance automation,Development Team,High,To Do,2025-08-31,2025-09-20,Process,Security Development Lifecycle Adoption,24h,ğŸ”„ Development Process Enhancement
Code Quality Gates,Implement automated code quality checks and approval gates. Development process enforcement,Nick Canino,Medium,To Do,2025-09-17,2025-09-25,Process,Automated Testing Framework,8h,ğŸ”„ Development Process Enhancement
Security Code Review Process,Implement mandatory security code reviews for all changes. Secure development process,Nick Canino,High,To Do,2025-08-26,2025-08-30,Process,Security Development Lifecycle Adoption,4h,ğŸ”„ Development Process Enhancement
Performance Testing Framework,Implement performance testing for all modules. Quality assurance,Development Team,Medium,To Do,2025-09-19,2025-10-05,Process,Automated Testing Framework,16h,ğŸ”„ Development Process Enhancement
Load Testing Implementation,Conduct load testing on all client-facing modules. Scalability validation,Development Team,Medium,To Do,2025-10-03,2025-10-15,Process,Performance Testing Framework,12h,ğŸ”„ Development Process Enhancement
Manual Process Audit,Audit all current manual processes for automation opportunities. Practice what we preach initiative,Micah Coger,High,To Do,2025-08-13,2025-08-25,Automation,,12h,ğŸ¤– Process Automation Initiative
Process Automation Implementation,Automate identified manual processes using internal tools. Internal efficiency improvement,Development Team,Medium,To Do,2025-10-20,2025-11-01,Automation,Manual Process Audit,40h,ğŸ¤– Process Automation Initiative
Developer Community Tool Package,Package governance tools for developer community deployment. Community enablement,Nick Canino,Medium,To Do,2025-11-05,2025-11-15,Automation,Code Quality Gates,30h,ğŸ¤– Process Automation Initiative
Client Deployment Automation,Automate client deployment processes for scaling. Operational efficiency,Rodrigo Werlang,High,To Do,2025-10-10,2025-10-30,Automation,Kubernetes Deployment Standardization,20h,ğŸ¤– Process Automation Initiative
Certification Course Development,Create certification course for governance tool usage. Knowledge transfer and standardization,Micah Coger,Medium,To Do,2025-11-11,2025-12-01,Training,Developer Community Tool Package,40h,ğŸ“š Governance & Training Program
Security Training Program,Develop security awareness training for development team. Team capability building,Nick Canino,Medium,To Do,2025-09-14,2025-09-30,Training,Security Development Lifecycle Adoption,16h,ğŸ“š Governance & Training Program
Weekly Governance Review Meetings,Establish weekly governance review meetings with core team. Ongoing coordination and accountability,Micah Coger,High,To Do,2025-08-10,2025-08-12,Communication,,2h,ğŸ“š Governance & Training Program
Team Security Clearance Review,Review and update team security clearances for government contracts. Government contract compliance,Micah Coger,Medium,To Do,2025-08-28,2025-09-01,Compliance,,4h,ğŸ“š Governance & Training Program
Threat Modeling Workshop,Conduct threat modeling sessions for all major modules. Proactive security design,Nick Canino,Medium,To Do,2025-09-04,2025-09-10,Security,Security Code Review Process,16h,ğŸ“š Governance & Training Program
Monitoring and Alerting Setup,Implement comprehensive monitoring and alerting across all services. Operational visibility,Nick Canino,Medium,To Do,2025-09-04,2025-09-20,Operations,,16h,ğŸ“Š Monitoring & Operations
Security Metrics Dashboard,Create dashboard for security metrics and compliance tracking. Security operations visibility,Nick Canino,Low,To Do,2025-10-03,2025-10-15,Operations,Monitoring and Alerting Setup,12h,ğŸ“Š Monitoring & Operations
Backup and Recovery Testing,Implement and test backup/recovery procedures for all systems. Business continuity planning,Nick Canino,Medium,To Do,2025-09-19,2025-10-01,Operations,,12h,ğŸ“Š Monitoring & Operations
Disaster Recovery Planning,Create and test disaster recovery procedures. Business continuity,Nick Canino,Medium,To Do,2025-09-28,2025-10-10,Operations,Backup and Recovery Testing,12h,ğŸ“Š Monitoring & Operations
Security Incident Response Plan,Develop formal security incident response procedures. Security operations,Nick Canino,High,To Do,2025-09-07,2025-09-15,Operations,Vulnerability Remediation Policy,8h,ğŸ“Š Monitoring & Operations
Vendor Security Assessment,Assess security posture of all third-party vendors and dependencies. Supply chain security,Nick Canino,Medium,To Do,2025-09-22,2025-09-30,Security,,8h,ğŸ“Š Monitoring & Operations
Third-Party Security Assessment,Coordinate external security assessment with Accenture requirements. Partnership compliance,Nick Canino,High,To Do,2025-09-27,2025-10-01,Security,,4h,ğŸ“Š Monitoring & Operations
Accenture Technical Review Preparation,Prepare all documentation and systems for Accenture technical review. Partnership milestone,All Team,Critical,To Do,2025-09-15,2025-10-01,Review,Compliance Documentation Package,16h,ğŸ“Š Monitoring & Operations
Monthly Security Assessment Reports,Create monthly security posture reports for leadership. Executive visibility,Nick Canino,Medium,To Do,2025-08-28,2025-09-01,Communication,Security Metrics Dashboard,4h,ğŸ“Š Monitoring & Operations
Quarterly Architecture Reviews,Establish quarterly architecture review process. Continuous improvement,Rodrigo Werlang,Medium,To Do,2025-08-28,2025-09-01,Review,C4 Architecture Documentation,4h,ğŸ“Š Monitoring & Operations
Celery Worker Memory Optimization,Investigate and fix memory consumption issues in Celery workers. Performance optimization,Development Team,Medium,To Do,2025-08-29,2025-09-10,Implementation,,12h,ğŸ—ï¸ Architecture Standardization
API Gateway Implementation,Implement centralized API gateway for service orchestration. Service mesh architecture,Rodrigo Werlang,Medium,To Do,2025-09-25,2025-10-15,Architecture,Kubernetes Deployment Standardization,20h,ğŸ—ï¸ Architecture Standardization
Service Mesh Implementation,Implement service mesh for microservices communication. Advanced microservices architecture,Rodrigo Werlang,Low,To Do,2025-10-08,2025-11-01,Architecture,API Gateway Implementation,24h,ğŸ—ï¸ Architecture Standardization
